store.number,annual.profit,state,agg.inc,sqft,col.grad,com60,lci,nearcomp,nearmil,freestand,gini,housemed
1,414343.2017,AZ,42556953.39,292,0.235476063,0.284833539,5.989972779,2,5.3,0,0.3889,951.0617589
2,514643.9619,AZ,71256941.54,399,0.039561853,0.196428571,8.0575668,6,13.1,0,0.2434,778.0847317
3,443096.4316,AZ,97667500.29,666,0.215767064,0.06362545,6.267259179,0,30.2,0,0.3179,844.5556139
4,495031.1367,AZ,55558839.18,862,0.136618739,0.390703518,8.566326315,0,29.4,0,0.4132,1420.138726
5,962170.0304,AZ,133634294.2,724,0.25977792,0.427307905,4.07784051,6,10.1,0,0.4911,1164.426764
6,817722.2479,AZ,85933835.64,678,0.338352387,0.152671756,7.847130781,3,27.0,0,0.525,1654.747186
7,700517.7276,AZ,163768800.0,637,0.233019842,0.2477842,4.142159588,0,11.4,0,0.6332,1562.144338
8,407650.8261,NM,40639969.16,659,0.296323199,0.125899281,9.200391246,6,4.2,0,0.2771,1870.947521
9,326126.9981,CA,25348868.57,547,0.019450947,0.023809524,7.462039019,6,13.2,0,0.6251,414.8224581
10,647758.3301,CA,130912230.9,794,0.199858084,0.072340426,7.251099453,0,17.0,0,0.2847,1453.906645
11,397526.568,NM,57736812.77,478,0.138109035,0.141414141,6.538459323,1,7.7,0,0.92,885.4981116
12,622327.6041,NM,95231954.72,679,0.23873413,0.173649059,8.02367657,4,0.1,0,0.6101,1260.106923
13,3293558.681,AZ,880636265.1,2084,0.689092126,0.039978958,3.014712216,0,1.3,0,0.6849,1510.790873
14,982777.0878,NV,251019824.0,921,0.371698323,0.129126926,7.452107051,0,16.6,0,0.5041,1953.642995
15,914403.0109,OK,165286163.9,413,0.22151915,0.055352353,8.033262712,4,13.6,0,0.5503,1009.808658
16,1002564.98,AZ,108783302.2,588,0.262398836,0.189608998,6.859052516,2,38.0,0,0.62,1663.719265
17,843532.4399,KS,196727524.8,754,0.24069455,0.07261622,7.958351528,0,22.6,0,0.4122,1103.861477
18,1132985.347,AZ,133311501.9,1062,0.164892353,0.464255198,9.162969135,4,23.3,0,0.491,1424.356443
19,582849.1294,TX,70426875.62,547,0.264652805,0.076409496,8.913619161,3,9.8,0,0.4196,1196.451144
20,1233728.773,AZ,103760071.8,421,0.141143742,0.169784173,8.319920019,5,48.4,1,0.457,733.8169972
21,383766.1135,UT,27811080.0,457,0.041582587,0.077227723,9.009682729,2,11.7,0,0.559,736.1599818
22,443970.8874,TX,50245849.33,217,0.103431241,0.187079408,6.467194767,2,3.9,0,0.5521,971.7961433
23,1499424.654,CA,338259677.6,619,0.563576664,0.225917927,6.587716864,1,11.9,0,0.6117,3021.067196
24,1338805.754,AZ,387673051.4,407,0.426373718,0.208992506,6.37432336,3,3.0,0,0.6176,3668.943949
25,1084056.043,CA,127199928.2,840,0.215606288,0.148161901,6.926259431,1,15.4,1,0.3075,1226.178009
26,462295.4351,TX,86490392.42,264,0.207057154,0.069601428,5.557562286,3,1.4,0,0.4837,862.6069683
27,441957.3443,CA,47325914.15,649,0.062550254,0.107392996,9.452063656,3,15.5,0,0.5795,586.9349563
28,344233.6084,NV,32073428.0,335,0.065695286,0.115942029,10.32844265,5,7.5,0,0.3942,565.839505
29,2389518.486,TX,455524739.2,612,0.405578662,0.044222539,6.911716604,1,32.6,1,0.5803,2662.154328
30,794198.6144,CA,117720248.2,842,0.223432744,0.081272085,7.903209353,3,13.3,0,0.4864,1918.367555
31,852144.4714,CA,145966861.6,855,0.21401892,0.103740841,5.489420377,1,15.5,0,0.4664,1732.769171
32,737506.8307,AZ,134064373.1,622,0.352947745,0.108467742,6.639326319,2,13.1,0,0.5258,961.553192
33,495909.6678,CA,35058168.81,585,0.08143868,0.0625,9.934464315,3,1.2,0,0.3444,1184.661571
34,784895.8003,OK,75405530.43,460,0.3428219,0.025559105,5.986092078,1,38.3,0,0.358,983.0494989
35,347734.724,NV,14490453.33,505,0.054283199,0.018832392,9.00069853,6,20.4,0,0.353,610.7372857
36,1810938.362,KS,462648493.8,883,0.462542656,0.294405594,7.075280264,6,14.0,0,0.7757,2361.520172
37,588264.7753,CA,60794850.21,639,0.074351327,0.086752638,7.802988793,5,9.0,0,0.7966,1159.012712
38,1446262.149,AZ,326743316.8,397,0.337487368,0.137581054,5.620482846,5,36.6,0,0.4974,2215.090565
39,331401.0406,AZ,31307238.86,439,0.207342997,0.282051282,9.318223575,1,12.6,0,0.3548,1359.390141
40,1221433.589,AZ,132148967.5,345,0.446333508,0.160280626,7.352726457,5,11.2,1,0.5353,1941.833704
41,768144.7241,NV,82957018.43,481,0.327965294,0.078901482,6.983623729,1,33.5,0,0.5447,774.2185177
42,440749.7128,AZ,41170928.84,820,0.224175525,0.205683356,8.526747039,0,28.7,0,0.6488,1818.368253
43,390280.876,NM,54537600.0,491,0.304347127,0.31986532,6.590154244,0,2.8,0,0.6709,2098.306887
44,811727.3199,AZ,143493831.5,752,0.219517142,0.268292683,8.837591859,4,1.4,0,0.5598,1342.606933
45,762706.4412,NV,111445920.0,798,0.172180649,0.16121673,7.824572165,1,2.2,0,0.5634,1104.563111
46,2891136.923,AZ,494662829.6,1337,0.626827439,0.068413392,1.809948314,1,54.8,1,0.6558,2008.577279
47,827807.256,AZ,115482290.5,756,0.135022663,0.185697115,5.11468571,2,3.0,0,0.6706,902.248512
48,1200028.272,NM,255589362.0,860,0.289490312,0.135779817,9.375315705,1,3.7,0,0.4224,1936.557088
49,404687.2934,NM,24756962.71,368,0.094123824,0.10531804,9.335977665,6,21.5,0,0.5316,535.6388328
50,626315.492,AZ,95020683.33,577,0.188304224,0.426553672,6.323206224,5,21.8,0,0.5724,1764.528591
51,751341.3589,TX,65322089.11,528,0.310889887,0.092744135,8.95502305,4,25.1,0,0.5274,1499.736537
52,527414.2347,WY,90576066.98,258,0.154206846,0.103117506,10.22891275,4,9.8,0,0.6892,755.9775105
53,399355.5514,AZ,40204807.8,538,0.243845166,0.316725979,6.824749891,0,3.6,0,0.3713,1167.032622
54,451723.3296,AZ,43784640.0,762,0.235148187,0.308910891,5.87503871,0,13.1,0,0.4191,2030.617653
55,859047.0898,CA,142974000.0,696,0.377792548,0.099277292,8.942426196,5,12.3,0,0.5959,1064.545708
56,615140.8345,CA,189516059.4,648,0.243675817,0.070897155,10.12277391,0,33.6,0,0.5559,1528.970816
57,430603.6685,NV,133144936.8,449,0.255029486,0.095865788,9.759502362,0,27.1,0,0.505,981.0793022
58,861983.6677,CA,130597133.3,601,0.269447098,0.171591672,6.998008874,1,33.5,1,0.7033,734.3716481
59,835031.7065,CA,131832585.4,335,0.202431857,0.139015308,7.616077401,6,27.6,0,0.4581,1273.435548
60,632318.0206,AZ,39635801.83,416,0.041602075,0.315545244,8.11827186,1,33.6,0,0.7144,1413.711028
61,863740.7901,CA,202045614.5,799,0.177699933,0.059978579,7.645451839,3,6.2,0,0.5514,1097.112747
62,672053.4056,AZ,102982460.6,596,0.384998294,0.194155844,7.740563128,3,11.2,0,0.5167,1962.936447
63,1313424.364,TX,224509528.5,468,0.50498085,0.050294275,8.039122519,4,21.9,1,0.4647,1045.683953
64,511722.1073,NV,64553228.24,739,0.163470676,0.051243406,6.520739295,1,14.5,0,0.4685,1061.269167
65,975945.8978,AZ,90596250.0,602,0.103559661,0.577104642,9.525032593,5,36.3,0,0.6003,541.9717112
66,949657.9053,TX,172529527.8,250,0.16506717,0.119129082,8.93666968,5,31.5,0,0.5413,1132.53397
67,668148.9104,CA,69806644.07,714,0.15739733,0.088692728,9.017431255,3,8.7,0,0.477,1212.383522
68,706572.3951,AZ,130143613.8,490,0.356688029,0.36612426,5.644211807,1,5.0,0,0.405,2616.931786
69,972371.8645,KS,141846080.0,741,0.233024831,0.072850679,2.778948405,3,16.9,0,0.4845,1359.416997
70,1031688.96,TX,200541801.4,411,0.385368246,0.17463377,7.984309452,1,25.6,0,0.2573,896.7955966
71,512796.2689,AZ,29289335.31,771,0.069748845,0.378497791,9.395407385,6,1.7,0,0.6049,644.0297609
72,567242.9053,OK,87658057.28,474,0.287804589,0.044634378,8.8651488,5,2.3,0,0.6878,771.3201723
73,867783.7793,CA,99201984.0,283,0.246821501,0.227756492,4.559419873,2,37.0,0,0.5066,1151.9362
74,559060.2557,CA,130583384.2,542,0.09532386,0.04057971,9.697113967,2,10.1,0,0.5623,1010.264346
75,450271.9262,AZ,57041319.38,392,0.093943892,0.387413963,6.982777484,1,4.3,0,0.6528,736.3865462
76,869719.9801,NV,147886690.9,632,0.304342845,0.140547822,5.743706195,4,1.1,0,0.524,1017.671819
77,866421.3738,AZ,55643500.0,711,0.057429202,0.308530806,8.493701229,4,4.5,1,0.4156,1308.266187
78,616082.1927,UT,63749198.9,781,0.100958823,0.251456311,6.430314272,1,11.8,0,0.4836,828.3890867
79,884997.7529,CA,98602638.3,677,0.02535041,0.107958732,9.723480871,6,35.3,0,0.4729,1486.924841
80,460489.9304,KS,78661050.0,423,0.093660608,0.028070175,10.72945046,1,4.5,0,0.353,777.9187992
81,2242387.46,AZ,602154945.5,1033,0.648241217,0.088224703,5.713076657,2,3.1,0,0.5115,1197.496265
82,837812.8663,TX,137940455.8,858,0.467368701,0.063417891,7.669784678,3,8.1,0,0.6304,1936.015611
83,531933.8052,NV,100646524.4,364,0.351707701,0.134883721,6.906281356,2,8.0,0,0.3199,1267.264485
84,1267215.541,AZ,330129979.7,557,0.527187133,0.034161491,8.14207119,4,1.7,0,0.315,2525.688795
85,449868.2023,AZ,77475296.0,518,0.154501345,0.14547118,8.957634705,1,9.7,0,0.4752,1096.620809
86,409096.5383,AZ,32232923.71,430,0.116090922,0.318229715,7.233114763,6,2.9,0,0.7966,1393.939363
87,1021502.11,CA,159636400.0,535,0.249314537,0.134381139,5.827559203,1,31.7,0,0.5029,853.4623984
88,645121.6513,NV,90930070.0,561,0.257465669,0.132690542,4.506254483,5,1.4,0,0.6584,1568.13971
89,1577763.33,AZ,191658600.0,985,0.462143616,0.074888075,8.140135961,1,12.2,1,0.7156,670.0479941
90,711704.5614,TX,168630351.8,596,0.266709976,0.054654142,7.355781633,0,19.5,0,0.5926,1754.189711
91,735292.7745,NM,119384633.8,555,0.094911533,0.130524152,7.337780536,1,10.8,0,0.7631,421.2315787
92,569510.5528,NV,112769781.8,637,0.279627747,0.084302326,6.55572596,0,12.4,0,0.5305,980.2294575
93,458485.3093,KS,121704465.7,406,0.214254145,0.079404467,9.579758469,0,32.3,0,0.4279,2020.804627
94,651784.1714,NV,84671706.41,337,0.227439727,0.113048072,7.990430175,1,33.0,1,0.6625,905.4511962
95,2084579.2,AZ,271230450.3,1125,0.530722276,0.10259542,4.303543829,1,46.8,1,0.6647,2062.11916
96,464256.9383,AZ,16838403.02,851,0.110682307,0.240740741,8.163446742,3,9.1,0,0.3488,907.3203124
97,576429.8159,NV,61761280.0,700,0.270997945,0.017045455,7.07485266,5,8.1,0,0.7428,919.3260699
98,597416.3115,TX,140625207.2,526,0.298955515,0.116037219,9.590186901,0,16.8,0,0.2901,1272.523688
99,867182.8931,TX,85048149.42,393,0.445764947,0.033452808,8.993327775,1,22.7,1,0.3614,1880.729051
100,719716.2009,AZ,34210170.0,732,0.2064904,0.34361611,7.691401987,6,22.9,0,0.5892,1014.887111
101,1107427.665,CA,132453375.6,628,0.131124586,0.069371728,8.805121678,1,2.5,1,0.4673,1417.588395
102,439376.3299,KS,25677065.81,505,0.115819783,0.085635359,8.333456723,6,3.8,0,0.6108,642.5323976
103,416693.4633,AZ,35665188.99,547,0.170083226,0.257195915,8.760831129,5,13.2,0,0.5611,1036.845535
104,1130810.309,NV,175165000.0,747,0.320257043,0.057731959,8.738749296,1,31.1,0,0.4516,1803.249563
105,872374.9969,AZ,96544469.41,442,0.373465225,0.479307026,10.08162309,1,20.6,0,0.4663,862.4579859
106,601794.2489,KS,81263520.0,483,0.194061409,0.038485413,8.067649214,6,6.0,0,0.5833,1482.909317
107,395382.6589,UT,42549077.47,747,0.113711503,0.161290323,7.19155484,0,10.8,0,0.2801,799.2319665
108,868441.3975,AZ,39403448.28,493,0.14233239,0.381529851,6.390387517,3,9.8,1,0.3777,214.0041949
109,419283.8604,AZ,46573129.01,669,0.233563319,0.081841432,5.917933838,0,11.9,0,0.4193,1517.291593
110,757254.8746,NM,102558663.5,542,0.09451179,0.190261866,7.651609621,3,25.4,0,0.4591,1305.324587
111,962916.4845,CA,239282836.4,893,0.337685745,0.1720814,8.256790438,0,21.9,0,0.3185,1502.003838
112,287815.9309,KS,26989942.43,428,0.017112018,0.016949153,7.317471195,5,30.2,0,0.5702,605.2979368
113,369008.0543,NV,10433205.25,579,0.087235268,0.203007519,9.434076477,1,3.0,0,0.3924,483.35622
114,906260.5283,NM,301089327.4,331,0.293030627,0.195445135,8.168172403,0,12.3,0,0.3756,1547.880683
115,816631.4794,AZ,220870898.2,462,0.445556826,0.069419509,9.193934541,0,13.0,0,0.4088,1536.401104
116,481950.7175,AZ,55978967.44,510,0.176846937,0.245833333,9.699873257,1,10.9,0,0.7273,1230.58032
117,434917.7592,AZ,60083811.34,612,0.200108205,0.41876892,6.98544462,0,23.3,0,0.5454,1550.727052
118,1074370.315,NM,142890918.9,773,0.183515144,0.250297407,5.111117685,5,33.2,0,0.706,1440.574339
119,689802.7416,OK,181020075.8,670,0.15359799,0.092664093,6.378982151,0,24.4,0,0.2732,909.5147655
120,1835780.792,AZ,287819170.1,938,0.604240555,0.022575977,1.750295125,5,11.5,1,0.4483,1329.48521
121,758211.1059,AZ,60165992.8,511,0.286405763,0.158484525,7.487167343,3,19.3,1,0.5694,1145.439715
122,514869.4226,CA,93989808.22,829,0.153863358,0.098203593,6.625365821,0,12.1,0,0.7075,1293.094055
123,475036.8233,UT,20463026.53,426,0.085066407,0.178041543,9.853626195,3,17.2,0,0.4631,1015.720287
124,1105355.172,UT,252770868.0,457,0.379615916,0.087397087,8.563288346,1,0.3,0,0.6563,882.6703512
125,1106708.311,AZ,160262291.4,682,0.268145289,0.187275242,5.125994635,5,36.5,0,0.5184,844.2842322
126,585948.6151,CA,66526403.81,609,0.118792206,0.165154265,7.020038721,3,4.6,0,0.4421,915.9602729
127,505873.0853,NM,77804640.0,519,0.106971249,0.069114471,8.337301222,6,10.4,0,0.4691,582.1708626
128,501605.975,KS,71459332.35,502,0.132240639,0.036363636,7.341647349,3,15.8,0,0.5511,658.3789667
129,1613288.251,AZ,248338076.9,894,0.372200448,0.044495413,2.496587235,3,9.0,1,0.6299,1726.638514
130,565419.9443,CA,69314422.22,531,0.126653549,0.102391171,10.27069151,5,7.8,0,0.5046,1613.012361
131,1789039.863,UT,461063710.8,906,0.382285183,0.048553719,8.66428916,1,1.4,0,0.3986,2996.528652
132,857276.8602,AZ,130806415.8,856,0.396033418,0.085778781,5.782242833,5,1.6,0,0.5737,1302.873537
133,603665.8395,NV,111806501.5,667,0.275211728,0.068408916,9.335527037,1,5.3,0,0.5799,937.6968391
134,800856.6572,CA,251477485.7,651,0.409786064,0.162686567,8.200611635,0,19.5,0,0.4449,2277.383367
135,554714.9034,AZ,36814424.87,540,0.101401507,0.342042755,7.556794165,1,11.6,0,0.3674,922.767113
136,859006.3221,AZ,88929502.78,496,0.214347143,0.337606838,8.689744525,6,21.9,1,0.8771,1450.675888
137,934067.8992,TX,141331563.6,728,0.161476024,0.140883978,7.872311629,6,25.1,0,0.3806,1085.33773
138,756317.663,AZ,78650463.26,582,0.178672492,0.396327467,8.407686202,2,20.6,0,0.4863,1343.04635
139,817218.5674,AZ,71939769.6,897,0.199612388,0.256107835,8.205841975,4,25.5,0,0.3827,1748.634299
140,784046.6466,AZ,79189400.0,615,0.294578087,0.271870089,7.545463987,1,9.1,0,0.5212,1156.23546
141,614215.2918,NV,110881764.7,425,0.276033557,0.17443609,8.964817001,1,0.9,0,0.5479,671.9251606
142,557018.0343,CA,62460433.17,829,0.063252911,0.025013028,9.080273045,1,3.6,0,0.5008,509.8684783
143,1241372.838,AZ,110681042.4,641,0.116583372,0.141135972,6.776891237,4,20.6,1,0.568,1191.725627
144,541330.9856,AZ,37909363.9,749,0.169338087,0.150442478,9.094542113,3,6.7,0,0.5093,754.7675386
145,551215.8646,UT,56134118.33,714,0.145169686,0.195525292,6.433938862,1,0.2,0,0.6578,346.0647254
146,1682298.366,UT,239194651.1,1143,0.464802816,0.035101404,8.239651491,6,9.7,1,0.3603,1351.996361
147,758767.7107,NM,123054832.2,514,0.105418228,0.192230677,8.377617217,6,10.7,0,0.4375,818.8759706
148,664701.1811,KS,122491936.0,608,0.111218739,0.060185185,9.164464193,6,9.0,0,0.5288,1272.695152
149,1074658.366,NM,280007301.5,544,0.345631387,0.070895522,7.429444729,1,3.1,0,0.6256,1210.489249
150,732774.7697,CA,162748229.6,727,0.284226356,0.076164167,8.219913189,0,21.7,0,0.4217,1586.702534
151,1006362.223,AZ,62388120.0,291,0.079068765,0.243116185,5.057822973,5,18.7,1,0.5656,1014.543168
152,697253.7396,NM,128963278.4,557,0.223731148,0.092809978,8.315240505,5,0.5,0,0.3302,1037.460676
153,1857810.766,AZ,283936962.0,993,0.599282263,0.061457837,4.94215526,3,1.2,1,0.3336,1858.471466
154,701098.7596,CA,170892652.4,646,0.191361124,0.131342325,8.031242408,0,15.4,0,0.8021,1729.947973
155,848019.4864,AZ,74419425.88,654,0.057764115,0.349237906,8.475856222,3,21.3,1,0.5333,586.1766636
156,861776.0819,AZ,54356386.34,670,0.117114217,0.473168215,6.353379913,6,25.0,1,0.2741,1056.326253
157,261356.0054,NM,20674487.39,397,0.078625385,0.087576375,4.893882,0,6.9,0,0.4422,634.8169966
158,1032612.647,AZ,120642683.9,523,0.361473651,0.086131964,9.66013484,6,11.7,1,0.667,887.1078166
159,848346.7199,NM,132849852.6,790,0.415573665,0.24499491,6.051829237,1,10.0,0,0.5277,1347.25742
160,688075.5473,AZ,47724418.72,570,0.169717486,0.205357143,8.242690351,4,23.6,0,0.4136,974.7135381
161,957301.2248,CA,110611902.0,592,0.373522286,0.213162252,5.055981213,4,26.9,0,0.613,883.7678297
162,798078.9445,OK,64839688.89,767,0.282756562,0.074960128,7.052938821,6,31.4,0,0.2111,817.3866179
163,567780.3137,AZ,215452258.5,754,0.13662952,0.127764128,7.940192892,0,65.3,0,0.437,1123.213172
164,655465.2724,NM,123122400.0,539,0.118056808,0.086659065,9.849710142,2,1.5,0,0.5571,1460.553611
165,611680.3818,AZ,102637548.4,386,0.150351569,0.1169464,10.31593737,3,5.4,0,0.5795,1343.358256
166,367002.9461,AZ,53017505.45,713,0.238069391,0.536502547,8.008221124,0,37.8,0,0.5506,1037.210058
167,701726.5978,AZ,88498113.8,351,0.426207181,0.091906005,8.790992293,2,3.9,0,0.5886,1831.607276
168,617439.6925,TX,51150556.36,476,0.078846169,0.105605199,8.388686075,1,30.8,0,0.5347,704.7798799
169,531120.4837,NV,38875379.81,513,0.070407207,0.198396794,7.310580961,5,14.1,0,0.6747,770.4819371
170,605788.0884,OK,100332073.3,703,0.128706753,0.23098298,6.836703457,1,6.2,0,0.6169,1118.553109
171,741736.459,TX,90375536.15,832,0.219487547,0.157772622,3.923109892,6,0.2,0,0.676,825.4304738
172,629227.2689,AZ,46238909.43,503,0.260920911,0.256805808,7.964741162,3,0.2,0,0.5374,1464.148564
173,921155.6519,NM,282465710.0,618,0.396638063,0.085918854,8.092796566,0,36.1,0,0.41,1005.335038
174,2715184.568,AZ,527744066.7,1301,0.498765084,0.035353535,1.103247775,6,20.6,1,0.9494,713.3063956
175,430775.1206,CA,86919040.0,526,0.156648455,0.167837627,5.865400049,0,5.6,0,0.5584,1437.015077
176,163362.4582,NV,11026818.78,404,0.049678654,0.304556355,8.9908332,0,16.7,0,0.3255,486.7673621
177,685281.3307,KS,112494242.6,607,0.332974618,0.085878963,8.055303447,6,5.1,0,0.6023,1439.868126
178,446292.2833,AZ,102021942.9,409,0.299365735,0.306122449,8.675518704,0,14.8,0,0.6226,1119.569296
179,581293.2682,AZ,44783381.18,538,0.179498069,0.330570902,6.689372707,1,2.2,0,0.4316,1058.862777
180,536186.8778,WY,62951148.33,798,0.224405213,0.025657071,7.583446894,2,15.5,0,0.5402,1174.707991
181,949227.4742,AZ,25213690.94,385,0.032696567,0.37649063,7.223284499,3,22.6,1,0.2826,395.9659351
182,455267.0125,AZ,77429608.89,498,0.153956673,0.193116635,8.385406093,3,8.6,0,0.3307,811.2117832
183,660485.1275,NV,207629036.5,896,0.355401436,0.103336423,5.914171287,0,47.1,0,0.448,2458.992599
184,364444.2494,NV,14809937.3,559,0.095565259,0.263374486,10.38068719,6,4.8,0,0.4312,708.6410819
185,676681.4526,WY,125507314.1,678,0.290228556,0.043478261,8.105481407,1,8.5,0,0.5693,1922.228775
186,1499557.894,TX,281236733.1,767,0.398084202,0.124933687,5.416713291,1,32.1,0,0.4219,1634.42152
187,1760432.195,AZ,271633401.8,590,0.392143635,0.118172537,6.452660449,3,21.3,1,0.5507,1255.916621
188,682111.9349,AZ,69949685.78,710,0.339622049,0.084372004,10.19213304,6,6.3,0,0.4599,1530.554447
189,613599.1527,TX,104695379.1,762,0.054326288,0.051376147,6.0589024,5,17.3,0,0.5546,565.303095
190,567183.5918,CA,106585362.3,291,0.183685771,0.121289228,6.629898462,4,1.0,0,0.3387,1554.656306
191,1036369.615,NM,198458947.6,556,0.301540929,0.246740705,7.493749296,1,7.7,0,0.5774,1530.031768
192,341259.1029,NV,12002620.41,382,0.115661232,0.016901408,8.752821133,1,7.9,0,0.4064,604.6896515
193,647595.1383,NM,146911971.4,499,0.376213832,0.066204773,7.099642663,0,22.7,0,0.3678,1312.24143
194,913425.3272,NV,107014564.9,653,0.40232796,0.060505319,8.802121654,4,36.8,0,0.5214,1150.24352
195,472532.6022,NM,50770427.77,631,0.101746439,0.151810585,8.718744311,4,7.3,0,0.7092,898.2571214
196,516745.0607,NM,96105354.89,539,0.280930167,0.135377711,8.096589125,0,17.2,0,0.5654,1520.551067
197,207203.2501,AZ,7809335.467,708,0.055206647,0.16,8.319479109,0,15.1,0,0.5555,165.0342134
198,791177.8361,AZ,53068055.04,884,0.103210039,0.247496423,8.482478534,2,36.8,0,0.5588,1150.806947
199,850680.1318,CA,78495045.82,876,0.08225397,0.086580087,7.323573956,1,25.5,0,0.5656,725.0298544
200,797615.5324,AZ,98691813.33,445,0.312748668,0.273519164,8.265567007,5,17.9,0,0.454,1614.483742
201,832927.7175,AZ,106293519.1,611,0.233706551,0.292912514,8.912131714,6,15.8,0,0.5045,1594.562393
202,508842.2153,OK,94462898.55,313,0.149117762,0.081956798,6.334739658,2,0.2,0,0.5753,874.4573897
203,384735.5706,NV,73741221.05,601,0.351865967,0.054666667,7.793206538,0,24.7,0,0.3748,1524.608963
204,2308229.727,AZ,490504227.1,810,0.447761214,0.091731798,5.851313078,1,10.8,1,0.3041,1559.883401
205,688687.5196,NM,228838552.8,645,0.435130204,0.062119367,8.493009525,0,40.7,0,0.2668,1725.632298
206,681985.7536,OK,66084241.36,303,0.238848749,0.114978903,7.440613754,2,38.2,0,0.4451,1260.368913
207,364845.6211,AZ,23324715.64,614,0.219353061,0.303543914,8.125730063,2,2.3,0,0.2914,1894.492792
208,466778.4957,AZ,38861307.47,442,0.397085955,0.226502311,5.882207141,2,4.5,0,0.3711,1048.08623
209,1775250.875,CA,382189319.6,1040,0.48019472,0.292037942,8.760345343,6,5.2,0,0.459,2447.884549
210,547691.7292,TX,66138217.93,421,0.346249121,0.053913043,7.388697005,3,3.1,0,0.5451,1075.756058
211,1648744.077,KS,397425434.5,460,0.486288794,0.143087465,6.693736077,5,23.2,0,0.637,2456.868338
212,911851.2077,NM,140938562.4,517,0.312605538,0.049191375,5.492042548,5,23.3,0,0.2922,2411.56929
213,670199.1699,AZ,96455020.66,609,0.248537137,0.312623926,8.487457954,6,12.5,0,0.2769,1237.711367
214,1417031.594,AZ,37798204.88,667,0.091970873,0.103007038,8.466218342,5,88.7,1,0.6622,303.8137678
215,855573.9726,AZ,33477741.18,813,0.037040821,0.228974831,7.405886833,3,11.5,1,0.6223,477.4692543
216,704222.3067,AZ,111109781.4,544,0.181624891,0.187194526,8.970830304,1,7.1,0,0.3287,1056.111574
217,580807.2002,AZ,113462686.8,393,0.247104877,0.107255521,8.271550339,2,6.6,0,0.3173,1440.57001
218,931251.0494,NM,114934400.0,547,0.126460696,0.281724846,7.745400921,1,36.0,0,0.4507,1339.638388
219,370407.227,AZ,81305184.0,537,0.17342133,0.099756691,7.549481742,0,14.1,0,0.4442,1902.604321
220,939737.7569,AZ,206974237.6,476,0.422318374,0.359116022,5.81564232,0,15.4,0,0.5948,1084.832404
221,538121.4173,NV,99899067.13,255,0.442568835,0.130622304,9.641455068,1,0.1,0,0.4334,1766.182692
222,993888.6222,NM,267202133.3,564,0.293789219,0.166573971,6.670455873,0,4.6,0,0.4063,2119.29372
223,2944686.153,AZ,499680318.3,1332,0.605608922,0.081982841,5.229730583,2,67.9,1,0.3212,1939.004477
224,1215148.657,NM,316097907.3,781,0.397492683,0.202501955,6.245073103,0,8.4,0,0.5724,1702.410508
225,649966.6569,CA,105520090.0,643,0.247017994,0.16374269,6.958420589,4,3.9,0,0.4784,1373.706944
226,360027.8203,OK,74172666.67,334,0.157580314,0.24375,7.227226174,0,18.8,0,0.3827,632.9890441
227,751226.7954,KS,124354055.2,553,0.185350397,0.036836403,6.504703533,4,9.5,0,0.5234,1163.74992
228,1022635.005,NM,88785939.82,810,0.397392114,0.057302887,9.87365284,4,16.1,1,0.3452,1419.196825
229,459017.149,KS,41109607.92,456,0.041220201,0.092278719,10.22347747,3,1.3,0,0.4184,863.4145961
230,656426.9199,AZ,55733237.14,397,0.209739273,0.110995851,5.519673414,1,36.3,0,0.6214,1027.758331
231,508479.2201,CA,58800167.74,814,0.295913451,0.143072289,9.559481196,4,11.1,0,0.7795,1275.565234
232,571351.9843,AZ,67570901.41,804,0.249228295,0.292256453,8.109887286,2,5.4,0,0.161,997.3210497
233,530822.6277,UT,87274446.67,419,0.258841012,0.105769231,8.894321636,4,7.3,0,0.2951,1538.222918
234,758304.764,NM,100260420.5,351,0.124751409,0.120288248,7.757386635,6,30.4,0,0.2664,1197.836593
235,766417.6817,NM,84213360.0,436,0.255610984,0.118254341,8.481300589,5,37.1,0,0.3949,1275.100645
236,946469.7223,AZ,182332144.0,477,0.30347724,0.289220404,8.572010746,2,12.9,0,0.4189,946.3532188
237,650451.6548,WY,113636985.2,560,0.315306684,0.078107184,9.43433403,1,12.4,0,0.5311,1794.058215
238,2452065.809,AZ,872581605.6,652,0.456640755,0.059008655,8.148371004,0,50.2,0,0.5202,1553.696945
239,701549.3699,AZ,93796887.44,762,0.312168705,0.189378758,8.491886314,3,4.8,0,0.5322,1115.230082
240,649246.8852,KS,134479005.7,533,0.269147982,0.129696346,8.451275148,2,12.1,0,0.495,2093.904553
241,651150.6298,AZ,45672386.67,707,0.129995596,0.258405379,8.485043762,5,2.9,0,0.3837,935.7463294
242,480823.9795,AZ,14720400.0,800,0.093634325,0.29245283,9.327654746,6,10.4,0,0.6111,680.5930713
243,615722.8958,NM,66564446.36,636,0.078733053,0.185154976,7.486780456,2,43.2,1,0.5116,568.3588272
244,860277.4985,CA,148111130.3,715,0.359501747,0.127479949,7.486744611,1,8.8,0,0.4053,1230.739227
245,411346.8429,NV,55631863.47,412,0.206764106,0.128509719,6.935647001,2,7.9,0,0.3923,822.2383243
246,545066.2972,AZ,124519136.0,683,0.231499486,0.256079404,7.564531285,0,22.9,0,0.603,2031.331575
247,985466.3757,CA,119062155.4,481,0.312841768,0.220710506,8.27322398,4,23.4,1,0.6708,987.1755456
248,566601.8719,AZ,54847582.42,499,0.368535189,0.075177305,7.546659968,3,8.2,0,0.4483,1786.529702
249,1119484.157,AZ,150928285.8,342,0.260243628,0.098951208,6.860430523,6,1.9,1,0.4019,1807.218325
250,1059553.251,NM,334325983.6,851,0.309519866,0.153923205,8.689057865,0,46.7,0,0.4708,1380.39452
251,479050.1251,NM,54006295.81,546,0.35904947,0.133789063,7.619701916,3,1.6,0,0.4974,1036.242014
252,102228.776,CA,8885827.059,437,0.022202701,0.114285714,10.30932098,0,15.5,0,0.4726,2135.566113
253,967526.5813,AZ,109319827.7,1017,0.12052219,0.250568736,6.744458004,5,12.1,0,0.6208,988.2776071
254,493479.9526,UT,29702737.35,500,0.092178464,0.201892744,8.800735173,5,10.1,0,0.6418,318.8675368
255,2326980.866,AZ,712713122.4,1255,0.440977001,0.032786885,8.305079719,0,11.0,0,0.5875,2657.838987
256,332992.4638,TX,10990701.64,332,0.068743218,0.147982063,7.606489215,6,5.7,0,0.7978,515.8879441
257,456444.9421,AZ,37051116.67,550,0.22088741,0.280254777,9.066559716,6,3.0,0,0.3734,884.9087788
258,530019.7203,TX,51148269.03,717,0.130875969,0.095382746,9.008480352,1,11.0,0,0.5876,736.1739277
259,941512.1821,UT,152930970.0,571,0.14349529,0.115410274,7.341318104,5,29.5,0,0.6093,1400.309967
260,376027.032,NV,44504555.25,710,0.176228937,0.06238698,5.726060656,0,13.3,0,0.4536,1311.870809
261,472241.9537,CA,64466120.0,662,0.232186995,0.076540755,7.975259032,0,15.3,0,0.6185,1474.715818
262,403644.2871,CA,65597184.0,605,0.108903339,0.08466052,8.656652053,5,12.6,0,0.6106,998.0770022
263,291128.2133,OK,28444480.0,404,0.191803673,0.046398046,7.61293992,6,16.5,0,0.5591,673.2620546
264,333209.1791,NV,43968821.05,312,0.134367007,0.028776978,9.533299513,3,5.0,0,0.2328,570.1011779
265,579457.7996,NM,68251261.64,646,0.188178862,0.051609323,8.381601077,5,4.1,0,0.5056,1141.19874
266,455411.4997,AZ,34783648.85,658,0.152207624,0.266479663,9.032669891,3,7.0,0,0.5602,813.2769228
267,642439.9206,AZ,81313960.0,606,0.1874645,0.44365285,8.111190326,6,0.8,0,0.4512,732.7725207
268,630896.464,NV,148363472.5,590,0.194710971,0.070441373,7.436074681,0,10.9,0,0.5568,847.3167695
269,549742.1173,AZ,55035890.53,428,0.209915846,0.29787234,8.033609611,4,8.8,0,0.4292,1319.222682
270,366456.6012,CA,35142212.46,621,0.055367761,0.083993661,7.671600687,5,8.1,0,0.5215,914.1770873
271,501798.2288,OK,79060709.05,452,0.217549737,0.027795734,9.408994085,5,3.1,0,0.3589,1271.666314
272,781484.9881,CA,101650404.1,496,0.124310451,0.098165592,6.871791023,5,24.6,1,0.4683,791.9059744
273,421787.1,KS,42170496.81,324,0.143722049,0.020609319,8.961741048,3,7.0,0,0.4766,1174.831378
274,588368.3543,TX,57486732.41,290,0.08882661,0.208846585,9.283970613,4,13.7,0,0.4804,709.5345632
275,536582.7177,NV,87753577.54,507,0.272277747,0.069846678,9.48986739,5,2.2,0,0.5027,746.5374779
276,934597.8752,AZ,81034320.0,345,0.212913511,0.17686722,5.061391407,2,1.9,1,0.4157,1076.511047
277,295525.7606,NV,61285803.84,558,0.223698845,0.010416667,9.516027527,0,28.4,0,0.7305,992.8432918
278,912270.4072,NV,176897178.0,257,0.351420352,0.038238702,8.504859639,1,10.2,0,0.4241,1500.518026
279,480007.8114,AZ,51869129.03,529,0.318378137,0.42690815,7.435636007,0,15.4,0,0.5532,879.7973018
280,668163.14,CA,38886900.41,525,0.070381038,0.027455121,9.31863444,1,24.7,1,0.5196,362.3159296
281,1047079.195,CA,217085807.4,1027,0.440792867,0.147939018,6.081298266,0,11.0,0,0.4565,1376.733083
282,377608.675,NM,41695929.67,445,0.154505183,0.145810664,7.735602862,1,9.6,0,0.7047,828.868266
283,390164.0772,AZ,21069406.57,580,0.162065022,0.290870488,7.813265482,1,15.4,0,0.4223,1397.039115
284,551063.9732,AZ,86713210.43,441,0.16412872,0.114921781,7.757730016,5,0.2,0,0.7813,1166.74012
285,815331.0987,CA,70243104.26,747,0.12244578,0.097439545,6.497761382,6,34.5,0,0.5299,1202.9788
286,435740.057,AZ,27935933.33,820,0.220626736,0.410511364,7.986165432,0,10.8,0,0.319,1460.359415
287,363234.2325,NV,67355837.95,505,0.229324354,0.128350934,8.113558578,0,20.8,0,0.2734,946.6913654
288,656932.9072,KS,199438594.8,560,0.25449181,0.036520312,8.481636261,0,14.6,0,0.5002,1125.501139
289,987616.7291,AZ,74717947.06,612,0.084547763,0.386715196,6.292025445,4,14.9,1,0.3761,734.906633
290,2524753.337,AZ,498230616.8,1260,0.487415203,0.061832061,6.915995122,4,7.0,1,0.4341,2096.548263
291,399171.9679,NM,23200596.6,552,0.090338991,0.19754977,8.383742172,1,4.5,0,0.1829,713.1318262
292,1331414.471,TX,233426720.0,612,0.474655342,0.131180919,4.882208227,1,40.8,0,0.3639,2301.596543
293,618559.8358,AZ,92388080.0,703,0.236657167,0.328100471,8.369665115,1,14.7,0,0.1759,1131.43047
294,509458.1552,AZ,41868170.79,435,0.138703638,0.441281139,8.453192338,6,1.7,0,0.4152,922.7386039
295,562855.5159,CA,91063684.8,544,0.269718569,0.153112731,5.60627534,3,2.4,0,0.4708,747.561054
296,1062210.335,UT,212365512.5,556,0.411081088,0.045561665,6.021279363,1,39.5,1,0.2838,2159.372227
297,626107.4854,NM,126715221.2,664,0.176685686,0.110898662,6.91846133,0,8.8,0,0.4115,1370.557518
298,601998.9743,NM,124279133.3,591,0.300072518,0.141333333,7.267120091,0,6.2,0,0.5339,1987.767316
299,487845.9008,NV,147222930.6,591,0.183087235,0.136756482,5.31553532,0,22.0,0,0.6168,1227.193906
300,534241.2245,NM,63042389.33,503,0.071383979,0.054568528,8.630826617,3,7.2,0,0.5603,689.0659852
301,604902.2667,AZ,112861263.8,414,0.138200403,0.13582465,10.72224895,5,2.9,0,0.3222,972.4087747
302,351952.5579,NM,74370893.33,557,0.347169141,0.139626352,7.636080821,0,24.5,0,0.442,1354.539582
303,744162.1304,WY,136149578.8,771,0.334912167,0.029959514,6.336917283,0,10.4,0,0.5074,1842.171919
304,2186810.816,AZ,384150724.6,1095,0.292118148,0.055627426,5.996958171,6,22.9,1,0.754,1194.653767
305,646080.2881,AZ,52214245.06,724,0.138132859,0.227272727,8.292952066,4,12.7,0,0.6572,1355.693425
306,1081792.418,KS,246400654.3,566,0.210050321,0.015868351,7.939778306,1,4.8,0,0.5019,1534.911361
307,1323775.519,AZ,123134525.5,894,0.196410694,0.210007047,6.942124786,1,4.2,1,0.3662,721.2797833
308,587733.3276,TX,38879356.62,714,0.142464,0.050246305,8.364239046,4,22.4,0,0.5054,362.7771287
309,680184.525,NV,127956786.4,426,0.282627039,0.050305595,7.322258162,2,0.3,0,0.4892,1317.367234
310,1066460.129,NM,250491904.4,793,0.277398816,0.117561684,7.852412758,1,6.9,0,0.7619,1084.604248
311,677362.3858,NM,91694746.09,591,0.107631557,0.149898374,4.909575943,6,14.0,0,0.576,1054.183799
312,720006.9596,NV,107179840.0,643,0.376307029,0.117219917,6.526613959,2,3.9,0,0.5099,1509.741073
313,718493.3977,AZ,106752378.9,701,0.152605433,0.395166163,7.357252208,2,14.1,0,0.2746,672.8771556
314,618572.3893,AZ,75545398.94,772,0.225164189,0.165948276,4.5109828,5,2.0,0,0.536,699.6669264
315,984536.3785,KS,208118168.5,732,0.33520593,0.063258786,6.781699588,4,0.5,0,0.3836,2450.70065
316,537295.8789,NV,83039931.03,450,0.376143103,0.045580878,4.72184333,0,8.2,0,0.4432,1659.535197
317,477639.7223,TX,73068619.35,593,0.1992943,0.073283859,7.826104097,5,5.8,0,0.5304,1439.648511
318,958820.8497,NM,165831318.0,489,0.402661105,0.147796818,7.518433501,1,3.1,0,0.3765,1044.119353
319,419700.3805,UT,28065639.6,576,0.042390232,0.187410587,7.858958269,7,10.8,0,0.3543,798.8667606
320,1239723.577,TX,322420349.1,990,0.587973952,0.047571357,6.60806859,0,27.4,0,0.5993,1508.803483
321,1071411.188,CA,194602720.9,652,0.246389372,0.108285164,6.270733982,5,17.8,0,0.5003,1606.355084
322,442878.5318,AZ,43247739.13,911,0.248901282,0.448447205,6.298976375,0,27.9,0,0.4699,984.8237143
323,865908.381,NV,193449116.7,289,0.261972381,0.055308328,8.615465935,3,0.6,0,0.4462,1310.227701
324,607905.3571,AZ,48032222.3,602,0.115698803,0.416722859,7.268897154,2,8.3,0,0.302,876.0400771
325,778586.0576,OK,67180984.0,668,0.110090343,0.06026253,7.635460038,1,37.9,0,0.41,497.7682649
326,654575.2661,CA,149201793.3,514,0.231102624,0.105313547,8.464889036,1,1.5,0,0.3352,1627.22818
327,838355.9537,NV,162132359.4,648,0.155597085,0.126166329,6.696069315,2,6.3,0,0.6375,835.9015676
328,979261.2564,AZ,173105152.0,516,0.207950041,0.237039968,8.903752431,1,16.8,0,0.4198,987.7083888
329,761968.1239,NV,21467256.77,508,0.162186316,0.000841751,8.619256565,3,7.0,1,0.3965,743.8243116
330,803004.6633,AZ,50616433.33,388,0.050985881,0.227440147,7.798241039,3,11.7,1,0.3595,1153.411374
331,456878.5086,KS,44937282.64,454,0.229185317,0.046334716,8.315556122,1,3.3,0,0.5462,1354.24292
332,598017.5711,AZ,87311320.48,611,0.16300992,0.367731368,6.560189785,3,7.0,0,0.5617,497.0264876
333,563529.3684,KS,92532360.0,730,0.270927912,0.019331243,8.04429991,6,7.3,0,0.3111,1169.440669
334,395298.6215,NM,38977056.0,422,0.266532062,0.081102362,9.873173562,4,8.4,0,0.6652,1033.328307
335,885370.5892,KS,123612952.1,522,0.31801517,0.183092784,7.795043127,3,26.4,0,0.7158,1442.085035
336,688554.2771,AZ,51463539.46,384,0.131238011,0.369618197,8.168022566,2,23.9,1,0.656,960.5378489
337,453877.8918,OK,64686155.79,750,0.150675061,0.041887593,10.208566,2,13.8,0,0.5226,788.6450628
338,779973.6947,AZ,58658337.52,438,0.172822044,0.333116037,7.342471731,6,31.7,0,0.2836,1271.027658
339,997845.132,AZ,140750973.7,520,0.216137867,0.105452367,6.149109765,6,24.1,1,0.3822,1161.58763
340,316238.4092,AZ,19599810.43,360,0.157075854,0.482817869,7.444270808,1,9.1,0,0.4779,1376.009899
341,332982.5342,NV,43589559.49,294,0.140048963,0.009930487,8.725267595,4,2.1,0,0.3141,899.792585
342,526590.4957,AZ,35284786.67,375,0.096794884,0.30954677,8.745932092,1,27.5,0,0.5479,636.9349786
343,404611.3985,AZ,30026936.07,291,0.218979552,0.325213155,7.23462926,1,3.1,0,0.432,1120.258379
344,577946.0531,NV,80177603.87,353,0.303586007,0.058213256,8.231874364,6,2.0,0,0.8459,1120.75765
345,422395.686,CA,100260013.0,606,0.331235167,0.083493282,7.719935943,0,24.7,0,0.5064,1780.986283
346,610265.6796,AZ,30931640.37,560,0.097270619,0.308614232,7.015840642,2,20.2,0,0.5331,820.6725277
347,384801.0796,WY,63553875.14,531,0.267265177,0.080701754,8.621137558,0,19.3,0,0.508,1226.94034
348,839266.7978,AZ,124626276.9,640,0.211334513,0.22246941,7.984155976,1,10.6,0,0.6321,1039.580025
349,630073.4645,CA,88211020.35,258,0.36762201,0.140042224,5.938104285,1,11.6,0,0.5504,2089.666033
350,970003.2909,KS,293797838.8,738,0.196034296,0.046915725,7.616642253,0,27.9,0,0.2707,1946.280675
351,752185.4184,NM,138466965.5,560,0.322566792,0.070216049,7.760036697,4,4.9,0,0.6287,1485.346244
352,448092.8772,NM,83033440.0,434,0.07924883,0.173387097,6.741785694,2,6.8,0,0.5652,778.9918386
353,370174.2735,AZ,30611095.81,553,0.073665363,0.38013245,8.187405369,4,20.7,0,0.3746,1481.984171
354,670086.8858,TX,148355200.0,467,0.372878818,0.080561122,10.4807687,6,1.6,0,0.4452,1034.131174
355,737892.958,CA,142248836.9,644,0.204398367,0.086999022,8.495120092,1,4.8,0,0.5561,1480.850766
356,449719.3679,AZ,32534987.59,649,0.239858138,0.26673428,9.543652441,2,9.9,0,0.5548,468.0208537
357,402911.7829,NV,15209513.39,627,0.080836581,0.0,8.012497097,3,3.6,0,0.4648,716.0000969
358,374378.6387,OK,44349980.54,525,0.184781963,0.030788177,7.829517074,1,14.6,0,0.4523,884.0272211
359,780855.112,NV,75845447.19,557,0.159416784,0.213909378,7.404718574,6,27.3,0,0.7218,717.0565414
360,581396.0662,AZ,38968769.76,387,0.092997411,0.347388295,7.020562082,1,30.4,0,0.187,1023.13527
361,287586.1571,NV,10811714.85,671,0.086185746,0.193181818,7.440922388,0,5.7,0,0.6431,1159.147627
362,1441736.847,KS,250443179.8,692,0.438513593,0.080010225,6.395023037,2,16.7,1,0.563,1025.780461
363,518793.3226,AZ,90516872.73,592,0.160260604,0.079230769,6.418692169,3,0.2,0,0.5712,1372.779413
364,824046.281,TX,132229031.7,542,0.26678335,0.097672485,7.972118461,2,0.9,0,0.4672,1092.899398
365,903400.9604,WY,52053684.95,572,0.226834128,0.036572052,7.005450566,1,0.0,1,0.5649,753.6280318
366,572642.9895,TX,128016058.3,484,0.319342181,0.17,6.941069778,0,24.0,0,0.2888,1059.22338
367,811451.4154,AZ,84095648.63,584,0.217759825,0.432397126,7.111385154,3,33.9,1,0.6436,1040.306598
368,1450063.785,NV,303047210.7,515,0.324715868,0.074074074,4.516819064,1,13.1,1,0.2169,3387.780325
369,864528.5318,NM,154771895.7,513,0.330134247,0.020390824,8.94521877,2,5.5,0,0.3939,3237.892324
370,411593.8794,AZ,22340518.02,444,0.21476398,0.108291032,9.807239979,2,4.3,0,0.5685,1485.020395
371,630892.2953,OK,88374258.23,520,0.14058169,0.042609153,6.651079296,6,11.1,0,0.5601,749.0791693
372,633544.6906,NM,44651429.74,498,0.164724153,0.088258471,6.511880163,3,28.4,0,0.4273,738.8467005
373,1589713.884,TX,138107399.1,802,0.563915662,0.010869565,7.01967673,1,24.5,1,0.5211,1271.443611
374,371910.0269,AZ,28160118.1,567,0.31703335,0.080536913,6.56833942,2,0.2,0,0.3351,775.7539751
